date,title,price,characteristics,num_photos,extra_characteristics,inmobiliaria,barrio,city,id,page_suffix
2024-10-15,"Piso en calle Francisco Lopez Alen, 15, Aiete, Donostia-San Sebastián",1.850€/mesGaraje incluido,3 hab.185 m²Planta 2ª exterior sin ascensor15 horas,1/24,,,aiete,donostia-san-sebastian,/inmueble/106257385/,
2024-10-15,"Piso en calle Merkezabal, Aiete, Donostia-San Sebastián",1.200€/mes,3 hab.75 m²Planta 1ª exterior con ascensor22 horas,1/24,Alquiler de temporada,,aiete,donostia-san-sebastian,/inmueble/106250478/,
2024-10-15,"Piso en alto de Errondo, 74, Aiete, Donostia-San Sebastián",1.200€/mes,1 hab.55 m²Bajo exterior con ascensor23 horas,1/3,,,aiete,donostia-san-sebastian,/inmueble/106250088/,
2024-10-15,"Dúplex en Aiete, Donostia-San Sebastián",1.500€/mes,4 hab.115 m²Planta 2ª exterior con ascensor11 oct,1/28,,/pro/ondarreta-de-servicios/,aiete,donostia-san-sebastian,/inmueble/106239272/,
2024-10-15,"Piso en calle Aizkolene, 3, Aiete, Donostia-San Sebastián",1.300€/mesGaraje incluido,3 hab.85 m²Planta 3ª exterior sin ascensor,1/26,,/pro/agencia-inmobiliaria-araxes/,aiete,donostia-san-sebastian,/inmueble/106134991/,
2024-10-15,"Piso en calle Melodi, Aiete, Donostia-San Sebastián",1.400€/mesGaraje incluido,2 hab.77 m²Planta 1ª exterior con ascensor,1/23,,/pro/zuhaizti-inmobiliaria/,aiete,donostia-san-sebastian,/inmueble/106161981/,
2024-10-15,"Piso en Lazkano Pasealekua, Aiete, Donostia-San Sebastián",1.300€/mesGaraje incluido1.400 €7%,2 hab.75 m²Bajo exterior sin ascensor,1/20,En exclusiva,/pro/sokoainmosokoacom/,aiete,donostia-san-sebastian,/inmueble/105807820/,
2024-10-15,"Piso en Lazkano Pasealekua, 49, Aiete, Donostia-San Sebastián",1.300€/mesGaraje incluido,1 hab.122 m²Bajo exterior con ascensor11 oct,1/22,,,aiete,donostia-san-sebastian,/inmueble/106237665/,
2024-10-15,"Piso en calle Borroto, Aiete, Donostia-San Sebastián",1.650€/mesGaraje incluido,3 hab.110 m²Planta 2ª exterior con ascensor,1/39,,,aiete,donostia-san-sebastian,/inmueble/106180191/,
2024-10-15,"Piso en calle Jose Olaizola, Aiete, Donostia-San Sebastián",2.500€/mesGaraje incluido,3 hab.110 m²Planta 2ª exterior con ascensor,1/35,,/pro/aldaba-gestion-inmobiliaria/,aiete,donostia-san-sebastian,/inmueble/104489262/,
2024-10-15,"Piso en Aiete, Donostia-San Sebastián",1.250€/mes,2 hab.104 m²Bajo exterior sin ascensor,1/11,,/pro/metropoli-consultoria/,aiete,donostia-san-sebastian,/inmueble/106150292/,
2024-10-15,"Piso en Aiete, Donostia-San Sebastián",1.750€/mesGaraje incluido,3 hab.109 m²Planta 5ª exterior con ascensor,1/21,,,aiete,donostia-san-sebastian,/inmueble/91254861/,
2024-10-15,"Piso en Hiru Damatxo, 2, Aiete, Donostia-San Sebastián",1.600€/mesGaraje incluido,2 hab.60 m²Planta 2ª exterior con ascensor,1/9,Alquiler de temporada,,aiete,donostia-san-sebastian,/inmueble/101357620/,
2024-10-15,"Ático en Gurutze Alde Etxetaldea, 3, Aiete, Donostia-San Sebastián",1.300€/mes,2 hab.115 m²Planta 4ª exterior sin ascensor,1/12,,,aiete,donostia-san-sebastian,/inmueble/105780647/,
2024-10-15,"Piso en Gurutze Alde Etxetaldea, 9, Aiete, Donostia-San Sebastián",1.500€/mes,3 hab.85 m²Planta 3ª exterior sin ascensor,1/8,,,aiete,donostia-san-sebastian,/inmueble/103824927/,
2024-10-15,"Piso en calle Macondo, Bidebieta, Donostia-San Sebastián",1.500€/mes,3 hab.100 m²Planta 2ª exterior con ascensor,1/25,,/pro/foxgestioninmobiliaria/,altza-bidebieta,donostia-san-sebastian,/inmueble/105920977/,
2024-10-15,"Casa o chalet independiente en calle Parada Baserria, Miracruz, Donostia-San Sebastián",3.500€/mesGaraje incluido,4 hab.170 m²,1/38,Lujo,/pro/inmobiliariamariacristina/,altza-bidebieta,donostia-san-sebastian,/inmueble/105975713/,
2024-10-15,"Piso en plaza Del Cedro, Bidebieta, Donostia-San Sebastián",1.300€/mes,2 hab.90 m²Planta 5ª exterior con ascensor,1/38,,/pro/alquileresdonostia/,altza-bidebieta,donostia-san-sebastian,/inmueble/106145302/,
2024-10-15,"Chalet en calle Parada Baserria, 64 -70, Miracruz, Donostia-San Sebastián",3.500€/mes,4 hab.190 m²,1/66,Lujo,,altza-bidebieta,donostia-san-sebastian,/inmueble/105983325/,
2024-10-15,"Chalet adosado en Miracruz, Donostia-San Sebastián",2.600€/mesGaraje incluido,4 hab.270 m²,1/68,,/pro/begiristain/,altza-bidebieta,donostia-san-sebastian,/inmueble/105033877/,
2024-10-15,"Piso en Miracruz, Donostia-San Sebastián",2.600€/mesGaraje incluido,4 hab.270 m²Planta 1ª exterior con ascensor,1/68,,/pro/begiristain/,altza-bidebieta,donostia-san-sebastian,/inmueble/105432813/,
2024-10-15,"Piso en Txirrita Bertsolaria PasealeKua, Altza, Donostia-San Sebastián",1.800€/mesGaraje incluido,3 hab.100 m²Planta 6ª exterior con ascensor,1/20,,/pro/carriquiri-servicios-inmobiliarios/,altza-bidebieta,donostia-san-sebastian,/inmueble/104513456/,
2024-10-15,"Piso en calle Gomistegi, 7, Bidebieta, Donostia-San Sebastián",1.200€/mes,3 hab.90 m²Planta 4ª exterior sin ascensor,1/13,,,altza-bidebieta,donostia-san-sebastian,/inmueble/105986646/,
2024-10-15,"Piso en Alcalde J. Elosegi Hiribidea, 86, Miracruz, Donostia-San Sebastián",1.300€/mes,2 hab.74 m²Planta 1ª exterior sin ascensor08 oct,1/10,Alquiler de temporada,,altza-bidebieta,donostia-san-sebastian,/inmueble/102473515/,
2024-10-15,"Piso en paseo Larratxo, 32, Altza, Donostia-San Sebastián",2.000€/mes,2 hab.75 m²Planta 7ª exterior con ascensor,1/17,Alquiler de temporada,,altza-bidebieta,donostia-san-sebastian,/inmueble/105585359/,
2024-10-15,"Piso en Bidebieta, Donostia-San Sebastián",1.200€/mes,3 hab.108 m²con ascensor,1/10,,,altza-bidebieta,donostia-san-sebastian,/inmueble/105578995/,
2024-10-15,"Piso en calle Amezketarrak, 9, Amara, Donostia-San Sebastián",1.500€/mes,2 hab.78 m²Planta 4ª exterior con ascensor,1/31,,/pro/inmobiliaria-areizaga/,amara,donostia-san-sebastian,/inmueble/103880392/,
2024-10-15,"Piso en avenida Carlos I, 8, Amara, Donostia-San Sebastián",2.600€/mes,3 hab.125 m²Planta 5ª exterior con ascensor,1/35,,/pro/feel-free/,amara,donostia-san-sebastian,/inmueble/101577515/,
2024-10-15,"Piso en Karlos I.a Hiribidea, 36, Amara, Donostia-San Sebastián",1.500€/mes,2 hab.81 m²Planta 11ª exterior con ascensor,1/25,,/pro/inmobiliaria-areizaga/,amara,donostia-san-sebastian,/inmueble/106042651/,
2024-10-15,"Piso en Loiolako Erriberako Pasealekua, 6, Riberas, Donostia-San Sebastián",1.500€/mesGaraje incluido,2 hab.95 m²Planta 1ª exterior con ascensor,1/35,,/pro/inmobiliaria-areizaga/,amara,donostia-san-sebastian,/inmueble/105977082/,
2024-10-15,"Piso en Zona Anoeta, Donostia-San Sebastián",1.600€/mesGaraje incluido,3 hab.129 m²Planta 4ª exterior con ascensor,1/38,,/pro/inmobiliaria-areizaga/,amara,donostia-san-sebastian,/inmueble/106192909/,
2024-10-15,"Ático en calle José María Salaberría, 7, Amara, Donostia-San Sebastián",1.700€/mes,3 hab.75 m²Planta 10ª exterior con ascensor,1/16,,/pro/ress-real-estate-san-sebastian/,amara,donostia-san-sebastian,/inmueble/103240978/,
2024-10-15,"Piso en calle José María Salaberría, Amara, Donostia-San Sebastián",1.400€/mes,3 hab.85 m²Planta 6ª exterior con ascensor10 oct,1/21,,/pro/inmobiliaria-elizalde/,amara,donostia-san-sebastian,/inmueble/106219344/,
2024-10-15,"Piso en plaza Paloma Miranda, Riberas, Donostia-San Sebastián",1.500€/mesGaraje incluido,2 hab.70 m²Planta 9ª exterior con ascensor,1/52,,,amara,donostia-san-sebastian,/inmueble/96081581/,
2024-10-15,"Piso en Amara, Donostia-San Sebastián",1.200€/mes,2 hab.55 m²Planta 3ª exterior con ascensor08 oct,1/12,,/pro/ondarreta-de-servicios/,amara,donostia-san-sebastian,/inmueble/106199632/,
2024-10-15,"Ático en calle Balleneros, Zona Anoeta, Donostia-San Sebastián",1.200€/mes,3 hab.79 m²Planta 9ª exterior con ascensor11 oct,1/23,,/pro/lur-gestion-inmobiliria/,amara,donostia-san-sebastian,/inmueble/106236482/,
2024-10-15,"Piso en Isabel II.a Etorbidea, Zona Anoeta, Donostia-San Sebastián",990€/mes,2 hab.55 m²Planta 6ª exterior con ascensor,1/26,,/pro/alquileresdonostia/,amara,donostia-san-sebastian,/inmueble/105783060/,
2024-10-15,"Piso en calle Familia Santua Kalea, 2, Amara, Donostia-San Sebastián",2.100€/mes,2 hab.55 m²Planta 6ª exterior con ascensor,1/17,Apartamento,/pro/feel-free/,amara,donostia-san-sebastian,/inmueble/104511616/,
2024-10-15,"Piso en Antso Jakituna Hiribidea, Amara, Donostia-San Sebastián",2.400€/mes,2 hab.101 m²Planta 2ª exterior con ascensor,1/17,Vistas al mar,/pro/feel-free/,amara,donostia-san-sebastian,/inmueble/92941518/,
2024-10-15,"Piso en calle Pescadores Gran Sol, Zona Anoeta, Donostia-San Sebastián",1.000€/mes,1 hab.60 m²Planta 6ª exterior con ascensor,1/21,Apartamento,/pro/inmobiliaria-kortajarena/,amara,donostia-san-sebastian,/inmueble/105889062/,
2024-10-15,"Piso en calle Javier Barkaiztegi, Amara, Donostia-San Sebastián",1.500€/mes,2 hab.90 m²Planta 5ª exterior con ascensor,1/34,,/pro/inmobiliaria-arrieta/,amara,donostia-san-sebastian,/inmueble/105508781/,
2024-10-15,"Piso en Barcelona Hiribidea, Riberas, Donostia-San Sebastián",1.500€/mesGaraje incluido,3 hab.100 m²Planta 1ª exterior con ascensor09 oct,1/16,Alquiler de temporada,,amara,donostia-san-sebastian,/inmueble/106211103/,
2024-10-15,"Piso en calle José María Salaberría Kalea, Amara, Donostia-San Sebastián",1.300€/mes,2 hab.73 m²Planta 2ª exterior con ascensor12 oct,1/17,,/pro/barkaiztegi/,amara,donostia-san-sebastian,/inmueble/106241696/,
2024-10-15,"Piso en Amara, Donostia-San Sebastián",1.150€/mes,2 hab.75 m²Planta 3ª exterior con ascensor,1/28,,/pro/alquileresdonostia/,amara,donostia-san-sebastian,/inmueble/39326756/,
2024-10-15,"Piso en Karlos I.a Hiribidea, Amara, Donostia-San Sebastián",1.600€/mes,3 hab.77 m²Planta 7ª exterior con ascensor,1/15,,/pro/barkaiztegi/,amara,donostia-san-sebastian,/inmueble/105977927/,
2024-10-15,"Piso en Loiolako Erriberako Pasealekua, Riberas, Donostia-San Sebastián",2.300€/mes,2 hab.70 m²Entreplanta exterior con ascensor,1/19,Alquiler de temporada,/pro/feel-free/,amara,donostia-san-sebastian,/inmueble/96917332/,
2024-10-15,"Piso en calle Maestro Santesteban, Amara, Donostia-San Sebastián",1.500€/mesGaraje incluido,3 hab.110 m²Planta 6ª exterior con ascensor,1/19,,/pro/p33001150/,amara,donostia-san-sebastian,/inmueble/81479906/,
2024-10-15,"Piso en Amara, Donostia-San Sebastián",1.250€/mes,2 hab.90 m²Planta 1ª exterior con ascensor,1/11,,/pro/inmobiliaria-monpas/,amara,donostia-san-sebastian,/inmueble/106089318/,
2024-10-15,"Piso en De Felipe IV Hiribidea, 4, Amara, Donostia-San Sebastián",1.250€/mes,3 hab.83 m²Planta 6ª exterior con ascensor,1/20,,,amara,donostia-san-sebastian,/inmueble/100067483/,
2024-10-15,"Ático en De Felipe IV Hiribidea, 4, Amara, Donostia-San Sebastián",1.350€/mes,2 hab.85 m²Planta 9ª exterior con ascensor,1/13,,,amara,donostia-san-sebastian,/inmueble/85915368/,
2024-10-15,"Piso en Antso Jakituna Hiribidea, 25, Amara, Donostia-San Sebastián",2.500€/mes,3 hab.115 m²Planta 8ª exterior con ascensor,1/14,,,amara,donostia-san-sebastian,/inmueble/105213111/,
2024-10-15,"Piso en calle Parke, 3, Amara, Donostia-San Sebastián",1.200€/mes,2 hab.58 m²Entreplanta exterior con ascensor11 oct,1/7,,,amara,donostia-san-sebastian,/inmueble/106240758/,
2024-10-15,"Piso en calle Azpeitia, 5, Amara, Donostia-San Sebastián",1.450€/mes,2 hab.45 m²Planta 9ª exterior con ascensor,1/17,Apartamento,,amara,donostia-san-sebastian,/inmueble/105860259/,
2024-10-15,"Piso en Karlos I.a Hiribidea, Amara, Donostia-San Sebastián",1.800€/mes,3 hab.80 m²Planta 1ª exterior con ascensor,1/14,Alquiler de temporada,/pro/inmobiliaria-amara/,amara,donostia-san-sebastian,/inmueble/104379044/,
2024-10-15,"Piso en calle José María Salaberría, 27, Amara, Donostia-San Sebastián",2.000€/mes,3 hab.121 m²Planta 7ª exterior con ascensor,1/7,Alquiler de temporada,,amara,donostia-san-sebastian,/inmueble/104971347/,
2024-10-15,"Piso en Madrid Etorbidea, 9, Amara, Donostia-San Sebastián",1.500€/mes,2 hab.65 m²Planta 1ª exterior con ascensor,1/11,Alquiler de temporada,,amara,donostia-san-sebastian,/inmueble/105453630/,
2024-10-15,"Piso en calle Erregezaintza Kalea, 18, Antiguo, Donostia-San Sebastián",1.500€/mes,2 hab.76 m²Planta 1ª exterior sin ascensor,1/15,,/pro/ress-real-estate-san-sebastian/,antiguo,donostia-san-sebastian,/inmueble/104814334/,
2024-10-15,"Piso en calle Portuene, 21, Antiguo, Donostia-San Sebastián",1.300€/mes1.400 €7%,3 hab.68 m²Planta 3ª exterior sin ascensor,1/25,,/pro/inmobiliaria-areizaga/,antiguo,donostia-san-sebastian,/inmueble/105730592/,
2024-10-15,"Piso en calle Erregezaintza, 65, Antiguo, Donostia-San Sebastián",1.250€/mes,2 hab.73 m²Planta 2ª exterior con ascensor10 oct,1/26,,/pro/agencia-inmobiliaria-araxes/,antiguo,donostia-san-sebastian,/inmueble/106222802/,
2024-10-15,"Piso en plaza Txalupagillene, 3, Antiguo, Donostia-San Sebastián",900€/mes1.050 €14%,2 hab.66 m²Planta 2ª exterior con ascensor,1/23,,/pro/agencia-inmobiliaria-araxes/,antiguo,donostia-san-sebastian,/inmueble/88820834/,
2024-10-15,"Piso en calle Beatriz infantaren, Antiguo, Donostia-San Sebastián",2.600€/mesGaraje incluido,3 hab.144 m²Bajo exterior con ascensor,1/35,,/pro/ondarreta-de-servicios/,antiguo,donostia-san-sebastian,/inmueble/106187675/,
2024-10-15,"Piso en calle Jaime Infantearen, Antiguo, Donostia-San Sebastián",2.900€/mesGaraje incluido,2 hab.86 m²Planta 1ª exterior con ascensor,1/36,,/pro/arrigain-inmobiliaria/,antiguo,donostia-san-sebastian,/inmueble/103623097/,
2024-10-15,"Piso en Ondarreta Pasealekua, 11, Antiguo, Donostia-San Sebastián",1.800€/mesGaraje incluido,3 hab.105 m²Planta 3ª exterior con ascensor,1/21,,/pro/agencia-inmobiliaria-araxes/,antiguo,donostia-san-sebastian,/inmueble/106102600/,
2024-10-15,"Piso en De Zumalakarregi Hiribidea, 17, Antiguo, Donostia-San Sebastián",2.200€/mes,2 hab.102 m²Entreplanta interior sin ascensor,1/14,Vistas al mar,/pro/feel-free/,antiguo,donostia-san-sebastian,/inmueble/98868310/,
2024-10-15,"Piso en Matia, Antiguo, Donostia-San Sebastián",1.200€/mes,1 hab.48 m²Planta 5ª interior con ascensor,1/12,Apartamento,/pro/albistur-inmobiliaria/,antiguo,donostia-san-sebastian,/inmueble/90619721/,
2024-10-15,"Piso en Del Faro Ibilbidea, 81 --51, Antiguo, Donostia-San Sebastián",2.800€/mes,3 hab.103 m²Planta 1ª exterior con ascensor,1/26,Vistas al mar,/pro/feel-free/,antiguo,donostia-san-sebastian,/inmueble/88993204/,
2024-10-15,"Piso en Igeldo Pasealekua, Antiguo, Donostia-San Sebastián",3.200€/mesGaraje incluido,4 hab.180 m²Planta 1ª exterior con ascensor,1/21,Lujo,/pro/inmobiliaria-goiz/,antiguo,donostia-san-sebastian,/inmueble/96110397/,
2024-10-15,"Piso en paseo del Faro, Antiguo, Donostia-San Sebastián",2.400€/mesGaraje incluido,3 hab.110 m²Planta 3ª exterior con ascensor,1/34,Vistas al mar,,antiguo,donostia-san-sebastian,/inmueble/88131723/,
2024-10-15,"Piso en Tolosa Hiribidea, 39, Antiguo, Donostia-San Sebastián",1.900€/mesGaraje incluido,3 hab.87 m²Planta 1ª exterior con ascensor,1/13,,/pro/erro-y-mayor/,antiguo,donostia-san-sebastian,/inmueble/106139465/,
2024-10-15,"Piso en Itsasargi Pasealekua, Antiguo, Donostia-San Sebastián",2.000€/mesGaraje incluido,2 hab.120 m²Planta 3ª exterior con ascensor,1/24,Vistas al mar,/pro/larragest-inmobiliaria/,antiguo,donostia-san-sebastian,/inmueble/105976319/,
2024-10-15,"Piso en calle Maestro Guridi Kalea, Antiguo, Donostia-San Sebastián",2.200€/mes,4 hab.123 m²Planta 2ª exterior con ascensor,1/25,Alquiler de temporada,,antiguo,donostia-san-sebastian,/inmueble/105978060/,
2024-10-15,"Piso en Ondarreta Pasealekua, Antiguo, Donostia-San Sebastián",2.200€/mesGaraje incluido,2 hab.77 m²Planta 2ª exterior con ascensor,1/20,Alquiler de temporadaVistas al mar,/pro/feel-free/,antiguo,donostia-san-sebastian,/inmueble/95102461/,
2024-10-15,"Piso en calle Jauregi Kalea, Antiguo, Donostia-San Sebastián",1.900€/mes,2 hab.120 m²Planta 3ª exterior sin ascensor,1/20,,/pro/mggestion/,antiguo,donostia-san-sebastian,/inmueble/104382989/,
2024-10-15,"Piso en Igeldo Pasealekua, 3, Antiguo, Donostia-San Sebastián",1.500€/mesGaraje incluido,2 hab.100 m²Planta 2ª exterior con ascensor,1/18,,,antiguo,donostia-san-sebastian,/inmueble/91739129/,
2024-10-15,"Piso en Antiguo, Donostia-San Sebastián",2.450€/mes,2 hab.94 m²exterior con ascensor,1/30,Vistas al mar,/pro/rivasblasco/,antiguo,donostia-san-sebastian,/inmueble/105247719/,
2024-10-15,"Piso en calle Iruña, 7, Antiguo, Donostia-San Sebastián",2.850€/mesGaraje incluido,3 hab.108 m²Planta 6ª exterior con ascensor,1/31,Alquiler de temporadaVistas al mar,,antiguo,donostia-san-sebastian,/inmueble/105605931/,
2024-10-15,"Piso en Antiguo, Donostia-San Sebastián",2.000€/mes,2 hab.196 m²Planta 2ª exterior sin ascensor,1/30,,,antiguo,donostia-san-sebastian,/inmueble/102388359/,
2024-10-15,"Piso en Antiguo, Donostia-San Sebastián",1.260€/mes,3 hab.65 m²Planta 4ª exterior con ascensor,1/32,,/pro/alquileresdonostia/,antiguo,donostia-san-sebastian,/inmueble/40466344/,
2024-10-15,"Piso en calle Portuene, 19, Antiguo, Donostia-San Sebastián",1.300€/mesGaraje incluido,2 hab.75 m²Planta 1ª exterior sin ascensor08 oct,1/9,,,antiguo,donostia-san-sebastian,/inmueble/106195251/,
2024-10-15,"Piso en Ondarreta Pasealekua, Antiguo, Donostia-San Sebastián",1.500€/mes,3 hab.105 m²Planta 5ª exterior con ascensor,1/12,Alquiler de temporada,/pro/inmobiliaria-amara/,antiguo,donostia-san-sebastian,/inmueble/105768632/,
2024-10-15,"Ático en De Zumalakarregi Hiribidea, 25, Antiguo, Donostia-San Sebastián",1.575€/mes,2 hab.80 m²Planta 7ª exterior con ascensor,1/10,Alquiler de temporada,,antiguo,donostia-san-sebastian,/inmueble/97918657/,
2024-10-15,"Piso en Guridi musikaria, 1, Antiguo, Donostia-San Sebastián",2.200€/mes,4 hab.120 m²Planta 2ª exterior con ascensor,1/13,,,antiguo,donostia-san-sebastian,/inmueble/105914946/,
2024-10-15,"Piso en calle Aizkorri, 22, Antiguo, Donostia-San Sebastián",1.250€/mes,3 hab.75 m²Planta 1ª exterior con ascensor,1/1,,,antiguo,donostia-san-sebastian,/inmueble/106032258/,
2024-10-15,"Piso en plaza Funikular, 2, Antiguo, Donostia-San Sebastián",3.500€/mesGaraje incluido,3 hab.140 m²Planta 2ª exterior con ascensor,1/27,Vistas al marLujo,,antiguo,donostia-san-sebastian,/inmueble/101526760/,
2024-10-15,"Casa o chalet independiente en Kañueta Bidea, Añorga, Donostia-San Sebastián",2.800€/mesGaraje incluido3.200 €13%,3 hab.270 m²,1/47,Vistas al mar,/pro/maihome/,anorga,donostia-san-sebastian,/inmueble/105240962/,
2024-10-15,"Chalet adosado en Kañueta Bidea, Añorga, Donostia-San Sebastián",2.800€/mesGaraje incluido3.200 €13%,3 hab.300 m²,1/19,,,anorga,donostia-san-sebastian,/inmueble/105236584/,
2024-10-15,"Chalet adosado en Ategorrietako Galtzada Zaharra, Ategorrieta-Ulia, Donostia-San Sebastián",2.900€/mesGaraje incluido3.150 €8%,4 hab.300 m²,1/33,,/pro/inmobiliariamariacristina/,ategorrieta-ulia,donostia-san-sebastian,/inmueble/105646947/,
2024-10-15,"Piso en Ategorrieta-Ulia, Donostia-San Sebastián",1.600€/mes1.700 €6%,2 hab.80 m²Bajo exterior sin ascensor,1/38,,/pro/donpiso-gros/,ategorrieta-ulia,donostia-san-sebastian,/inmueble/105978810/,
2024-10-15,"Estudio en Bordatxipi Pasealekua, 70, Ategorrieta-Ulia, Donostia-San Sebastián",950€/mes,70 m²Bajo exterior sin ascensor,1/18,Alquiler de temporada,,ategorrieta-ulia,donostia-san-sebastian,/inmueble/82840566/,
2024-10-15,"Piso en calle Hondarribia, 9 -3, Área Romántica, Donostia-San Sebastián",1.950€/mes,1 hab.82 m²Planta 6ª exterior con ascensor14 horas,1/22,,,centro-miraconcha,donostia-san-sebastian,/inmueble/100468599/,
2024-10-15,"Piso en calle Marina, 12, Área Romántica, Donostia-San Sebastián",2.800€/mes,3 hab.92 m²Planta 1ª exterior con ascensor,1/25,,/pro/feel-free/,centro-miraconcha,donostia-san-sebastian,/inmueble/101829868/,
2024-10-15,"Piso en Área Romántica, Donostia-San Sebastián",1.300€/mes,2 hab.75 m²Planta 5ª exterior con ascensor15 horas,1/16,,,centro-miraconcha,donostia-san-sebastian,/inmueble/106257520/,
2024-10-15,"Piso en calle Prim, 25, Área Romántica, Donostia-San Sebastián",1.100€/mes,2 hab.65 m²Bajo exterior con ascensorPublicado ayer,1/7,,,centro-miraconcha,donostia-san-sebastian,/inmueble/106246631/,
2024-10-15,"Piso en Mirakontxa Pasealekua, Miraconcha, Donostia-San Sebastián",2.300€/mes,3 hab.138 m²Planta 4ª exterior con ascensor13 oct,1/17,Vistas al mar,/pro/eli-iturzaeta-inmobiliaria/,centro-miraconcha,donostia-san-sebastian,/inmueble/91606314/,
2024-10-15,"Ático en calle Hondarribia, Área Romántica, Donostia-San Sebastián",1.950€/mes,1 hab.70 m²Planta 5ª exterior con ascensor09 oct,1/37,,/pro/etxebank/,centro-miraconcha,donostia-san-sebastian,/inmueble/99356225/,
2024-10-15,"Chalet adosado en La Fe Pasealekua, 59 -51, Miraconcha, Donostia-San Sebastián",7.500€/mesGaraje incluido,3 hab.356 m²,1/75,Vistas al marLujo,/pro/atlantic-realty-donostia/,centro-miraconcha,donostia-san-sebastian,/inmueble/103874404/,
2024-10-15,"Piso en Estella Lizarra, 5 -11, Amara Zaharra-Arbaizenea, Donostia-San Sebastián",2.300€/mesGaraje incluido,3 hab.120 m²Planta 1ª exterior con ascensor,1/37,,/pro/atlantic-realty-donostia/,centro-miraconcha,donostia-san-sebastian,/inmueble/103184168/,
2024-10-15,"Piso en calle Garibai, 11 -1, Área Romántica, Donostia-San Sebastián",2.400€/mes,2 hab.68 m²Planta 2ª exterior con ascensor,1/36,,/pro/atlantic-realty-donostia/,centro-miraconcha,donostia-san-sebastian,/inmueble/104803616/,
2024-10-15,"Piso en avenida de la Libertad, 16, Área Romántica, Donostia-San Sebastián",3.200€/mes,3 hab.128 m²Planta 4ª exterior con ascensor,1/39,Lujo,/pro/feel-free/,centro-miraconcha,donostia-san-sebastian,/inmueble/98335671/,
2024-10-15,"Piso en calle Peñaflorida, 5 -1, Área Romántica, Donostia-San Sebastián",13.000€/mesGaraje incluido,11 hab.390 m²Planta 1ª exterior con ascensor,1/56,Vistas al mar,/pro/inmobiliaria-areizaga/,centro-miraconcha,donostia-san-sebastian,/inmueble/103814628/,
2024-10-15,"Piso en Área Romántica, Donostia-San Sebastián",3.300€/mes,4 hab.196 m²Planta 4ª exterior con ascensor,1/34,Vistas al marLujo,/pro/fincas-ugalde/,centro-miraconcha,donostia-san-sebastian,/inmueble/105249191/,
2024-10-15,"Piso en calle de Santa Catalina, 3, Área Romántica, Donostia-San Sebastián",1.850€/mes,2 hab.85 m²Planta 7ª exterior con ascensor09 oct,1/27,,/pro/inmobiliaria-areizaga/,centro-miraconcha,donostia-san-sebastian,/inmueble/106213382/,
2024-10-15,"Piso en Marina, Área Romántica, Donostia-San Sebastián",1.790€/mes,1 hab.70 m²Planta 2ª exterior con ascensor,1/37,Vistas al mar,,centro-miraconcha,donostia-san-sebastian,/inmueble/94353903/,
2024-10-15,"Piso en calle San Bartolome Kalea, 29, Área Romántica, Donostia-San Sebastián",1.800€/mes,3 hab.90 m²Planta 1ª exterior con ascensor,1/17,,/pro/ress-real-estate-san-sebastian/,centro-miraconcha,donostia-san-sebastian,/inmueble/105347071/,
2024-10-15,"Piso en Área Romántica, Donostia-San Sebastián",2.250€/mesGaraje incluido,4 hab.150 m²Planta 7ª exterior con ascensor,1/22,Vistas al mar,/pro/metropoli-consultoria/,centro-miraconcha,donostia-san-sebastian,/inmueble/105103397/,
2024-10-15,"Piso en calle San Martzial, 35, Área Romántica, Donostia-San Sebastián",2.300€/mes,3 hab.168 m²Planta 6ª exterior con ascensor,1/42,,/pro/inmobiliaria-areizaga/,centro-miraconcha,donostia-san-sebastian,/inmueble/103952374/,
2024-10-15,"Piso en plaza Zaragoza, Área Romántica, Donostia-San Sebastián",1.400€/mes,1 hab.60 m²Planta 4ª exterior con ascensor,1/19,Apartamento,,centro-miraconcha,donostia-san-sebastian,/inmueble/90670416/,
2024-10-15,"Piso en calle San Martin Kalea, Área Romántica, Donostia-San Sebastián",1.600€/mes,3 hab.90 m²Planta 4ª exterior con ascensor,1/68,Alquiler de temporada,/pro/inmobiliaria-aitor/,centro-miraconcha,donostia-san-sebastian,/inmueble/105689336/,
2024-10-15,"Piso en Área Romántica, Donostia-San Sebastián",1.200€/mes,1 hab.51 m²Entreplanta exterior con ascensor09 oct,1/12,,/pro/inmobiliaria-areizaga/,centro-miraconcha,donostia-san-sebastian,/inmueble/106210629/,
2024-10-15,"Piso en Área Romántica, Donostia-San Sebastián",1.300€/mes,1 hab.57 m²Planta 1ª exterior con ascensor11 oct,1/19,,/pro/inmobiliaria-areizaga/,centro-miraconcha,donostia-san-sebastian,/inmueble/106234319/,
2024-10-15,"Piso en calle San Roke, 61 -59, Amara Zaharra-Arbaizenea, Donostia-San Sebastián",1.300€/mes1.400 €7%,3 hab.67 m²Planta 2ª exterior sin ascensor,1/30,Vistas al mar,/pro/agencia-inmobiliaria-araxes/,centro-miraconcha,donostia-san-sebastian,/inmueble/101872841/,
2024-10-15,"Piso en Askatasunaren Hiribidea, 4, Área Romántica, Donostia-San Sebastián",1.200€/mes,1 hab.50 m²Planta 3ª exterior con ascensor,1/12,Apartamento,/pro/inmobiliaria-areizaga/,centro-miraconcha,donostia-san-sebastian,/inmueble/93932466/,
2024-10-15,"Piso en alameda del Boulevard, 9, Área Romántica, Donostia-San Sebastián",1.500€/mes,2 hab.55 m²Planta 1ª exterior con ascensor,1/16,Alquiler de temporadaApartamento,/pro/ress-real-estate-san-sebastian/,centro-miraconcha,donostia-san-sebastian,/inmueble/106045527/,
2024-10-15,"Piso en paseo del Duque de Baena, 15, Miraconcha, Donostia-San Sebastián",4.000€/mes4.300 €7%,2 hab.186 m²Planta 2ª exterior sin ascensor,1/37,Alquiler de temporadaVistas al marLujo,/pro/feel-free/,centro-miraconcha,donostia-san-sebastian,/inmueble/105743417/,
2024-10-15,"Piso en Área Romántica, Donostia-San Sebastián",2.000€/mes,3 hab.133 m²Planta 2ª exterior con ascensor,1/27,,/pro/arrigain-inmobiliaria/,centro-miraconcha,donostia-san-sebastian,/inmueble/105291231/,
2024-10-15,"Piso en calle Arrasate, Área Romántica, Donostia-San Sebastián",1.750€/mes,2 hab.100 m²Planta 4ª exterior con ascensor,1/20,,/pro/arrigain-inmobiliaria/,centro-miraconcha,donostia-san-sebastian,/inmueble/105074397/,
2024-10-15,"Piso en Urbieta, 60, Área Romántica, Donostia-San Sebastián",2.200€/mes,2 hab.95 m²Planta 5ª exterior con ascensor,1/24,,/pro/feel-free/,centro-miraconcha,donostia-san-sebastian,/inmueble/103582146/,
2024-10-15,"Ático en calle Prim, Área Romántica, Donostia-San Sebastián",2.000€/mes,2 hab.75 m²Planta 6ª exterior con ascensor,1/37,Alquiler de temporada,/pro/etxeandco/,centro-miraconcha,donostia-san-sebastian,/inmueble/106009847/,
2024-10-15,"Piso en Arrasate, 26, Área Romántica, Donostia-San Sebastián",2.900€/mes,2 hab.70 m²Planta 5ª exterior con ascensor,1/30,,/pro/feel-free/,centro-miraconcha,donostia-san-sebastian,/inmueble/102594655/,
2024-10-15,"Piso en Urbieta, 60, Área Romántica, Donostia-San Sebastián",2.200€/mes,2 hab.95 m²Planta 5ª exterior con ascensor,1/24,,/pro/feel-free/,centro-miraconcha,donostia-san-sebastian,/inmueble/103582146/,pagina-2
2024-10-15,"Piso en calle San Martin, 29, Área Romántica, Donostia-San Sebastián",2.600€/mes,3 hab.90 m²Planta 3ª exterior con ascensor,1/22,Vistas al mar,/pro/feel-free/,centro-miraconcha,donostia-san-sebastian,/inmueble/83592022/,pagina-2
2024-10-15,"Piso en Arrasate, 26, Área Romántica, Donostia-San Sebastián",2.900€/mes,2 hab.70 m²Planta 5ª exterior con ascensor,1/30,,/pro/feel-free/,centro-miraconcha,donostia-san-sebastian,/inmueble/102594655/,pagina-2
2024-10-15,"Piso en calle Loiola Kalea, 8, Área Romántica, Donostia-San Sebastián",2.000€/mes,2 hab.65 m²Planta 1ª exterior con ascensor,1/28,,/pro/feel-free/,centro-miraconcha,donostia-san-sebastian,/inmueble/105511190/,pagina-2
2024-10-15,"Piso en calle Amara, 20, Amara Zaharra-Arbaizenea, Donostia-San Sebastián",1.900€/mes,2 hab.72 m²Planta 4ª exterior con ascensor,1/20,,/pro/feel-free/,centro-miraconcha,donostia-san-sebastian,/inmueble/101795581/,pagina-2
2024-10-15,"Ático en calle Prim, Área Romántica, Donostia-San Sebastián",2.000€/mes,2 hab.75 m²Planta 6ª exterior con ascensor,1/37,Alquiler de temporada,/pro/etxeandco/,centro-miraconcha,donostia-san-sebastian,/inmueble/106009847/,pagina-2
2024-10-15,"Piso en calle San Martin Kalea, 64, Área Romántica, Donostia-San Sebastián",4.900€/mes,3 hab.92 m²Planta 1ª exterior con ascensor,1/28,Lujo,/pro/feel-free/,centro-miraconcha,donostia-san-sebastian,/inmueble/104689379/,pagina-2
2024-10-15,"Piso en calle Hernani, 8, Área Romántica, Donostia-San Sebastián",3.300€/mes,2 hab.102 m²Planta 6ª exterior con ascensor,1/38,Lujo,/pro/feel-free/,centro-miraconcha,donostia-san-sebastian,/inmueble/98099655/,pagina-2
2024-10-15,"Piso en calle Bergara, 14, Área Romántica, Donostia-San Sebastián",3.400€/mes,3 hab.116 m²Planta 4ª exterior con ascensor,1/41,Vistas al marLujo,/pro/feel-free/,centro-miraconcha,donostia-san-sebastian,/inmueble/97745666/,pagina-2
2024-10-15,"Piso en calle General Lersundi, Área Romántica, Donostia-San Sebastián",2.900€/mes,3 hab.92 m²Planta 3ª exterior con ascensor,1/20,Vistas al mar,/pro/feel-free/,centro-miraconcha,donostia-san-sebastian,/inmueble/95631448/,pagina-2
2024-10-15,"Piso en Miraconcha, Donostia-San Sebastián",3.000€/mes,2 hab.106 m²Planta 2ª exterior con ascensor11 oct,1/48,Vistas al marLujo,/pro/fincas-ugalde/,centro-miraconcha,donostia-san-sebastian,/inmueble/106238867/,pagina-2
2024-10-15,"Piso en Área Romántica, Donostia-San Sebastián",3.000€/mes,3 hab.144 m²Planta 6ª exterior con ascensor,1/40,Lujo,/pro/arrigain-inmobiliaria/,centro-miraconcha,donostia-san-sebastian,/inmueble/105562028/,pagina-2
2024-10-15,"Estudio en calle Triunfo, 2, Área Romántica, Donostia-San Sebastián",4.450€/mes,60 m²Planta 5ª exterior con ascensor,1/24,Alquiler de temporadaLujo,,centro-miraconcha,donostia-san-sebastian,/inmueble/103868477/,pagina-2
2024-10-15,"Piso en calle Hernani, Área Romántica, Donostia-San Sebastián",1.500€/mes,2 hab.83 m²Planta 5ª exterior con ascensor,1/20,,/pro/arrigain-inmobiliaria/,centro-miraconcha,donostia-san-sebastian,/inmueble/102984357/,pagina-2
2024-10-15,"Piso en calle Loiola, 19, Área Romántica, Donostia-San Sebastián",1.500€/mes,2 hab.68 m²Planta 1ª interior con ascensor,1/16,,/pro/ress-real-estate-san-sebastian/,centro-miraconcha,donostia-san-sebastian,/inmueble/105443474/,pagina-2
2024-10-15,"Piso en calle Bergara, 16, Área Romántica, Donostia-San Sebastián",1.800€/mes,1 hab.54 m²Planta 2ª exterior con ascensor,1/13,Apartamento,/pro/feel-free/,centro-miraconcha,donostia-san-sebastian,/inmueble/100411828/,pagina-2
2024-10-15,"Piso en Mirakontxa Pasealekua, 4, Área Romántica, Donostia-San Sebastián",3.900€/mes4.900 €20%,3 hab.150 m²Planta 4ª exterior con ascensor,1/20,Vistas al marLujo,/pro/feel-free/,centro-miraconcha,donostia-san-sebastian,/inmueble/105839880/,pagina-2
2024-10-15,"Piso en calle Easo, 19, Área Romántica, Donostia-San Sebastián",2.400€/mes,2 hab.84 m²Planta 3ª exterior con ascensor,1/17,Vistas al mar,/pro/feel-free/,centro-miraconcha,donostia-san-sebastian,/inmueble/82569376/,pagina-2
2024-10-15,"Piso en calle Zubieta, 3, Área Romántica, Donostia-San Sebastián",3.900€/mes,2 hab.183 m²Planta 7ª exterior con ascensor,1/61,Vistas al marLujo,/pro/atlantic-realty-donostia/,centro-miraconcha,donostia-san-sebastian,/inmueble/106162280/,pagina-2
2024-10-15,"Piso en calle Zubieta, 3, Área Romántica, Donostia-San Sebastián",3.900€/mes,2 hab.169 m²Planta 6ª exterior con ascensor,1/45,Vistas al marLujo,/pro/atlantic-realty-donostia/,centro-miraconcha,donostia-san-sebastian,/inmueble/106173817/,pagina-2
2024-10-15,"Piso en Área Romántica, Donostia-San Sebastián",1.300€/mes,2 hab.81 m²Planta 1ª exterior sin ascensor,1/29,,/pro/fincas-ugalde/,centro-miraconcha,donostia-san-sebastian,/inmueble/106064983/,pagina-2
2024-10-15,"Piso en La Fe Pasealekua, 26, Miraconcha, Donostia-San Sebastián",3.000€/mesGaraje incluido,2 hab.92 m²Planta 1ª exterior con ascensor,1/42,Vistas al marLujo,/pro/etxeandco/,centro-miraconcha,donostia-san-sebastian,/inmueble/105741080/,pagina-2
2024-10-15,"Piso en calle Etxaide Kalea, s/n, Área Romántica, Donostia-San Sebastián",1.600€/mes,2 hab.80 m²Planta 1ª exterior con ascensor,1/28,,/pro/valenciagainmobiliaria/,centro-miraconcha,donostia-san-sebastian,/inmueble/105150716/,pagina-2
2024-10-15,"Piso en Kontxa Pasealekua, 32, Área Romántica, Donostia-San Sebastián",5.900€/mes,5 hab.190 m²Entreplanta exterior con ascensor,1/29,Vistas al marLujo,/pro/atlantic-realty-donostia/,centro-miraconcha,donostia-san-sebastian,/inmueble/103874117/,pagina-2
2024-10-15,"Piso en calle Prim, Área Romántica, Donostia-San Sebastián",2.000€/mes,1 hab.55 m²Planta 1ª exterior con ascensor,1/15,Vistas al marApartamento,/pro/feel-free/,centro-miraconcha,donostia-san-sebastian,/inmueble/83769728/,pagina-2
2024-10-15,"Piso en Urbieta, 16, Área Romántica, Donostia-San Sebastián",2.300€/mes,2 hab.84 m²Planta 5ª exterior con ascensor,1/25,Alquiler de temporadaVistas al mar,/pro/feel-free/,centro-miraconcha,donostia-san-sebastian,/inmueble/99228089/,pagina-2
2024-10-15,"Piso en calle San Martin, Área Romántica, Donostia-San Sebastián",2.800€/mes,4 hab.125 m²Entreplanta exterior con ascensor,1/15,,/pro/mggestion/,centro-miraconcha,donostia-san-sebastian,/inmueble/97042166/,pagina-2
2024-10-15,"Piso en calle Larramendi Kalea, Área Romántica, Donostia-San Sebastián",1.700€/mes,2 hab.80 m²Bajo interior con ascensor,1/43,,/pro/casa-4/,centro-miraconcha,donostia-san-sebastian,/inmueble/105825133/,pagina-2
2024-10-15,"Piso en Zubieta, Área Romántica, Donostia-San Sebastián",1.800€/mes,2 hab.70 m²Planta 4ª exterior con ascensor10 oct,1/18,,,centro-miraconcha,donostia-san-sebastian,/inmueble/83023263/,pagina-2
2024-10-15,"Piso en calle Prim, Área Romántica, Donostia-San Sebastián",2.500€/mes,2 hab.70 m²Planta 4ª exterior con ascensor,1/20,,/pro/inmobiliaria-gns-donostia-san-sebastian/,centro-miraconcha,donostia-san-sebastian,/inmueble/98715434/,pagina-2
2024-10-15,"Piso en calle Zubieta Kalea, 44, Área Romántica, Donostia-San Sebastián",10.000€/mes,5 hab.250 m²Planta 1ª exterior con ascensor,1/56,Vistas al marLujo,,centro-miraconcha,donostia-san-sebastian,/inmueble/104761387/,pagina-3
2024-10-15,"Piso en Triunfo, 2, Área Romántica, Donostia-San Sebastián",1.950€/mes,1 hab.55 m²Planta 2ª exterior con ascensor,1/30,,,centro-miraconcha,donostia-san-sebastian,/inmueble/100518468/,pagina-3
2024-10-15,"Piso en calle prim, 7, Área Romántica, Donostia-San Sebastián",2.500€/mes,2 hab.115 m²Planta 1ª exterior con ascensor,1/29,Alquiler de temporada,,centro-miraconcha,donostia-san-sebastian,/inmueble/94608120/,pagina-3
2024-10-15,"Piso en miraconcha, 40, Miraconcha, Donostia-San Sebastián",3.000€/mesGaraje incluido,3 hab.105 m²Planta 2ª exterior con ascensor,1/50,Vistas al marLujo,,centro-miraconcha,donostia-san-sebastian,/inmueble/101770467/,pagina-3
2024-10-15,"Piso en calle Moraza Kalea, Área Romántica, Donostia-San Sebastián",1.350€/mes,2 hab.65 m²Planta 2ª interior con ascensor,1/15,,/pro/inmobiliaria-galdona/,centro-miraconcha,donostia-san-sebastian,/inmueble/106119519/,pagina-3
2024-10-15,"Piso en calle Arrasate, 1, Área Romántica, Donostia-San Sebastián",2.100€/mes,2 hab.83 m²Planta 8ª exterior con ascensor,1/16,Vistas al mar,/pro/feel-free/,centro-miraconcha,donostia-san-sebastian,/inmueble/83345119/,pagina-3
2024-10-15,"Piso en plaza de Guipuzcoa, Área Romántica, Donostia-San Sebastián",8.000€/mes,2 hab.120 m²Planta 1ª exterior con ascensor,1/39,Lujo,,centro-miraconcha,donostia-san-sebastian,/inmueble/102256170/,pagina-3
2024-10-15,"Piso en calle San Roke, Amara Zaharra-Arbaizenea, Donostia-San Sebastián",1.100€/mes,2 hab.74 m²Bajo exterior sin ascensor12 oct,1/12,,/pro/barkaiztegi/,centro-miraconcha,donostia-san-sebastian,/inmueble/106241636/,pagina-3
2024-10-15,"Piso en calle San Martin Kalea, Área Romántica, Donostia-San Sebastián",2.800€/mes,3 hab.155 m²Planta 1ª exterior con ascensor,1/39,Vistas al mar,,centro-miraconcha,donostia-san-sebastian,/inmueble/105500599/,pagina-3
2024-10-15,"Piso en calle Urbieta, 5, Área Romántica, Donostia-San Sebastián",1.500€/mesGarajeopc.50 €/mes1.650 €9%,2 hab.90 m²Planta 5ª exterior con ascensor,1/34,Alquiler de temporada,,centro-miraconcha,donostia-san-sebastian,/inmueble/86392937/,pagina-3
2024-10-15,"Piso en Área Romántica, Donostia-San Sebastián",2.250€/mes2.500 €10%,3 hab.118 m²,1/30,,/pro/lucas-fox-san-sebastian/,centro-miraconcha,donostia-san-sebastian,/inmueble/105595612/,pagina-3
2024-10-15,"Piso en calle San Martin, 53, Área Romántica, Donostia-San Sebastián",1.900€/mes,2 hab.70 m²Entreplanta exterior con ascensor,1/9,Vistas al mar,,centro-miraconcha,donostia-san-sebastian,/inmueble/87523929/,pagina-3
2024-10-15,"Piso en calle Amara, Amara Zaharra-Arbaizenea, Donostia-San Sebastián",1.150€/mes,1 hab.55 m²Planta 1ª exterior con ascensor,1/18,Apartamento,,centro-miraconcha,donostia-san-sebastian,/inmueble/106002191/,pagina-3
2024-10-15,"Piso en calle Getaria, Área Romántica, Donostia-San Sebastián",1.300€/mes,2 hab.74 m²Planta 2ª exterior con ascensor,1/9,,/pro/eli-iturzaeta-inmobiliaria/,centro-miraconcha,donostia-san-sebastian,/inmueble/86875639/,pagina-3
2024-10-15,"Piso en calle Triunfo, Área Romántica, Donostia-San Sebastián",2.000€/mes,2 hab.100 m²Planta 1ª exterior con ascensor,1/16,,,centro-miraconcha,donostia-san-sebastian,/inmueble/106038631/,pagina-3
2024-10-15,"Piso en Área Romántica, Donostia-San Sebastián",1.200€/mes,2 hab.60 m²Planta 1ª exterior sin ascensor,1/23,,/pro/alquileresdonostia/,centro-miraconcha,donostia-san-sebastian,/inmueble/100645026/,pagina-3
2024-10-15,"Piso en calle Salud Kalea, Amara Zaharra-Arbaizenea, Donostia-San Sebastián",1.350€/mes,2 hab.68 m²Planta 2ª exterior con ascensor,1/15,Alquiler de temporada,/pro/aldaba-gestion-inmobiliaria/,centro-miraconcha,donostia-san-sebastian,/inmueble/105859787/,pagina-3
2024-10-15,"Piso en calle Arroka, 2, Amara Zaharra-Arbaizenea, Donostia-San Sebastián",1.250€/mes,2 hab.70 m²Planta 3ª exterior con ascensor,1/19,Alquiler de temporada,,centro-miraconcha,donostia-san-sebastian,/inmueble/105910543/,pagina-3
2024-10-15,"Piso en calle Churruca, 12, Área Romántica, Donostia-San Sebastián",1.600€/mes,2 hab.73 m²Planta 1ª interior con ascensor,1/21,,,centro-miraconcha,donostia-san-sebastian,/inmueble/95618037/,pagina-3
2024-10-15,"Piso en Miraconcha, 47, Miraconcha, Donostia-San Sebastián",7.000€/mesGaraje incluido,3 hab.140 m²Planta 1ª exterior con ascensor,1/39,Alquiler de temporadaVistas al marLujo,,centro-miraconcha,donostia-san-sebastian,/inmueble/101723303/,pagina-3
2024-10-15,"Piso en Área Romántica, Donostia-San Sebastián",2.400€/mes,2 hab.90 m²Planta 2ª exterior con ascensor,1/18,,/pro/atlantic-realty-donostia/,centro-miraconcha,donostia-san-sebastian,/inmueble/95693137/,pagina-3
2024-10-15,"Piso en Área Romántica, Donostia-San Sebastián",1.300€/mes,2 hab.73 m²Planta 2ª exterior con ascensor,1/12,Vistas al mar,/pro/eli-iturzaeta-inmobiliaria/,centro-miraconcha,donostia-san-sebastian,/inmueble/105227528/,pagina-3
2024-10-15,"Piso en Sanchez Toca, 1, Área Romántica, Donostia-San Sebastián",1.250€/mes,2 hab.85 m²Planta 1ª exterior con ascensor,1/20,,/pro/mggestion/,centro-miraconcha,donostia-san-sebastian,/inmueble/91489855/,pagina-3
2024-10-15,"Ático en paseo de la Fe, Miraconcha, Donostia-San Sebastián",7.000€/mes,3 hab.90 m²Planta 2ª exterior sin ascensor,1/20,Vistas al marLujo,,centro-miraconcha,donostia-san-sebastian,/inmueble/101783775/,pagina-3
2024-10-15,"Piso en calle San Martin, Área Romántica, Donostia-San Sebastián",1.300€/mes1.500 €13%,3 hab.90 m²Sótano interior con ascensor,1/9,Alquiler de temporada,/pro/eli-iturzaeta-inmobiliaria/,centro-miraconcha,donostia-san-sebastian,/inmueble/105543422/,pagina-3
2024-10-15,"Piso en calle San Roke, 17 bis bajo , Amara Zaharra-Arbaizenea, Donostia-San Sebastián",1.600€/mes1.700 €6%,1 hab.50 m²Bajo exterior sin ascensor,1/7,Alquiler de temporadaApartamento,,centro-miraconcha,donostia-san-sebastian,/inmueble/106078964/,pagina-3
2024-10-15,"Piso en calle Easo, Área Romántica, Donostia-San Sebastián",1.700€/mes,3 hab.90 m²Planta 5ª exterior con ascensor,1/20,,/pro/inmobiliariamariacristina/,centro-miraconcha,donostia-san-sebastian,/inmueble/105897238/,pagina-3
2024-10-15,"Piso en Área Romántica, Donostia-San Sebastián",1.500€/mes,1 hab.62 m²exterior con ascensor,1/12,Vistas al mar,/pro/inmobiliaria-javier-lobera/,centro-miraconcha,donostia-san-sebastian,/inmueble/106006009/,pagina-3
2024-10-15,"Ático en calle Txurruka, 5, Área Romántica, Donostia-San Sebastián",1.700€/mes,2 hab.64 m²Planta 5ª exterior con ascensor,1/15,,,centro-miraconcha,donostia-san-sebastian,/inmueble/84633618/,pagina-3
2024-10-15,"Piso en Askatasunaren Hiribidea, 1, Área Romántica, Donostia-San Sebastián",3.800€/mesGaraje incluido,2 hab.91 m²Planta 7ª exterior con ascensor,1/15,Vistas al marLujo,,centro-miraconcha,donostia-san-sebastian,/inmueble/105846093/,pagina-3
2024-10-15,"Piso en calle San Bartolome, 35, Área Romántica, Donostia-San Sebastián",3.000€/mes,2 hab.80 m²Planta 7ª exterior con ascensor,1/14,Alquiler de temporadaVistas al marLujo,,centro-miraconcha,donostia-san-sebastian,/inmueble/105695896/,pagina-4
2024-10-15,"Ático en calle Txurruka, 5, Área Romántica, Donostia-San Sebastián",1.700€/mes,2 hab.64 m²Planta 5ª exterior con ascensor,1/15,,,centro-miraconcha,donostia-san-sebastian,/inmueble/84633618/,pagina-4
2024-10-15,"Piso en calle Marina, 1, Área Romántica, Donostia-San Sebastián",1.800€/mes,1 hab.85 m²Planta 2ª exterior con ascensor,1/20,Vistas al mar,,centro-miraconcha,donostia-san-sebastian,/inmueble/105680034/,pagina-4
2024-10-15,"Piso en Área Romántica, Donostia-San Sebastián",4.900€/mes,1 hab.80 m²,1/19,,/pro/lucas-fox-san-sebastian/,centro-miraconcha,donostia-san-sebastian,/inmueble/105469786/,pagina-4
2024-10-15,"Ático en Askatasunaren Hiribidea, 17 -19, Área Romántica, Donostia-San Sebastián",8.000€/mes,2 hab.130 m²Planta 5ª exterior con ascensor,1/22,Lujo,,centro-miraconcha,donostia-san-sebastian,/inmueble/102822922/,pagina-4
2024-10-15,"Piso en calle San Martzial, 30, Área Romántica, Donostia-San Sebastián",1.950€/mes,2 hab.70 m²Planta 3ª exterior con ascensor,1/26,,,centro-miraconcha,donostia-san-sebastian,/inmueble/105449463/,pagina-4
2024-10-15,"Piso en Area Romantica, 18, Área Romántica, Donostia-San Sebastián",1.350€/mes,2 hab.70 m²Planta 3ª exterior con ascensor,1/9,,,centro-miraconcha,donostia-san-sebastian,/inmueble/102970241/,pagina-4
2024-10-15,"Piso en calle Zubieta, 1, Área Romántica, Donostia-San Sebastián",1.500€/mes,1 hab.65 m²Planta 2ª exterior con ascensor,1/11,,,centro-miraconcha,donostia-san-sebastian,/inmueble/100307732/,pagina-4
2024-10-15,"Piso en Amara Zaharra-Arbaizenea, Donostia-San Sebastián",1.500€/mes,3 hab.100 m²Planta 4ª exterior sin ascensor,1/20,,,centro-miraconcha,donostia-san-sebastian,/inmueble/106138938/,pagina-4
2024-10-15,"Piso en Área Romántica, Donostia-San Sebastián",1.600€/mes,1 hab.63 m²Planta 2ª exterior con ascensor,1/13,Alquiler de temporada,,centro-miraconcha,donostia-san-sebastian,/inmueble/87534386/,pagina-4
2024-10-15,"Piso en paseo De Miraconcha, 9, Miraconcha, Donostia-San Sebastián",3.900€/mesGarajeopc.200 €/mes,4 hab.220 m²Planta 2ª exterior con ascensor,1/28,Vistas al marLujo,,centro-miraconcha,donostia-san-sebastian,/inmueble/97051588/,pagina-4
2024-10-15,"Ático en Urumea Pasealekua, 32, Egia, Donostia-San Sebastián",2.200€/mes,2 hab.97 m²Planta 8ª exterior con ascensor,1/23,,/pro/feel-free/,egia,donostia-san-sebastian,/inmueble/89007699/,
2024-10-15,"Piso en Egia Galtzada, Egia, Donostia-San Sebastián",750€/mes800 €6%,1 hab.41 m²Bajo exterior sin ascensor,1/23,Alquiler de temporada,/pro/donpisocentro/,egia,donostia-san-sebastian,/inmueble/105978793/,
2024-10-15,"Piso en Egia, Donostia-San Sebastián",1.500€/mes,2 hab.90 m²Planta 5ª exterior con ascensor,1/17,,/pro/arrigain-inmobiliaria/,egia,donostia-san-sebastian,/inmueble/105833958/,
2024-10-15,"Ático en Ametzagaña, Egia, Donostia-San Sebastián",1.390€/mesGaraje incluido,2 hab.70 m²Planta 6ª exterior con ascensor,1/42,,/pro/casa-4/,egia,donostia-san-sebastian,/inmueble/83477507/,
2024-10-15,"Piso en Egia, Donostia-San Sebastián",1.100€/mes,2 hab.70 m²Planta 6ª exterior con ascensor,1/21,,/pro/servicios-inmobiliarios-estudio/,egia,donostia-san-sebastian,/inmueble/105994413/,
2024-10-15,"Piso en Duque de Mandas, Egia, Donostia-San Sebastián",1.700€/mes,3 hab.95 m²Planta 2ª exterior con ascensor,1/10,,/pro/gardestudio3/,egia,donostia-san-sebastian,/inmueble/96972358/,
2024-10-15,"Piso en Mandasko Dukearen Pasealekua, Egia, Donostia-San Sebastián",1.695€/mes,3 hab.90 m²Planta 1ª exterior con ascensor,1/8,,/pro/gardestudio3/,egia,donostia-san-sebastian,/inmueble/104790762/,
2024-10-15,"Piso en Rio Deba, 10, Egia, Donostia-San Sebastián",1.300€/mes,2 hab.56 m²Entreplanta exterior sin ascensor11 oct,1/10,Alquiler de temporada,,egia,donostia-san-sebastian,/inmueble/106232299/,
2024-10-15,"Piso en paseo de Francia, 15, Egia, Donostia-San Sebastián",1.900€/mesGarajeopc.150 €/mes,4 hab.80 m²Planta 4ª exterior con ascensor,1/19,,,egia,donostia-san-sebastian,/inmueble/105149073/,
2024-10-15,"Piso en Zurriola Hiribidea, Gros, Donostia-San Sebastián",2.200€/mesGaraje incluido,3 hab.90 m²Planta 5ª exterior con ascensor,1/38,Vistas al mar,,gros,donostia-san-sebastian,/inmueble/104206494/,
2024-10-15,"Piso en calle San Francisco Kalea, Gros, Donostia-San Sebastián",2.200€/mes,3 hab.140 m²Planta 1ª exterior con ascensor,1/19,Alquiler de temporada,/pro/ress-real-estate-san-sebastian/,gros,donostia-san-sebastian,/inmueble/105731201/,
2024-10-15,"Piso en Zurriola Hiribidea, 46, Gros, Donostia-San Sebastián",5.800€/mes,3 hab.125 m²Planta 2ª exterior con ascensor,1/30,Vistas al marLujo,/pro/feel-free/,gros,donostia-san-sebastian,/inmueble/106149031/,
2024-10-15,"Piso en Gros, Donostia-San Sebastián",1.800€/mes,3 hab.115 m²Planta 3ª exterior con ascensor,1/30,,/pro/arrigain-inmobiliaria/,gros,donostia-san-sebastian,/inmueble/105449641/,
2024-10-15,"Piso en calle Miracruz, 17, Gros, Donostia-San Sebastián",3.000€/mes,2 hab.65 m²Planta 6ª exterior con ascensor,1/29,Lujo,/pro/feel-free/,gros,donostia-san-sebastian,/inmueble/101511252/,
2024-10-15,"Piso en calle Usandizaga, 10, Gros, Donostia-San Sebastián",3.000€/mes,3 hab.112 m²Planta 2ª exterior con ascensor,1/29,Lujo,/pro/feel-free/,gros,donostia-san-sebastian,/inmueble/104147449/,
2024-10-15,"Piso en Zurriola Hiribidea, 24, Gros, Donostia-San Sebastián",3.100€/mes,2 hab.120 m²Planta 5ª exterior con ascensor,1/21,Vistas al marLujo,/pro/feel-free/,gros,donostia-san-sebastian,/inmueble/88993216/,
2024-10-15,"Piso en plaza Luises Obreros, 1, Gros, Donostia-San Sebastián",3.200€/mes,3 hab.109 m²Planta 2ª exterior con ascensor,1/35,Vistas al marLujo,/pro/feel-free/,gros,donostia-san-sebastian,/inmueble/98574027/,
2024-10-15,"Piso en calle José Miguel Barandiarán, 8, Gros, Donostia-San Sebastián",2.200€/mes,2 hab.58 m²Planta 3ª exterior con ascensor,1/26,Vistas al marApartamento,/pro/feel-free/,gros,donostia-san-sebastian,/inmueble/98099792/,
2024-10-15,"Piso en calle San Francisco, Gros, Donostia-San Sebastián",2.200€/mes,4 hab.138 m²Planta 2ª exterior con ascensor,1/17,,/pro/arrigain-inmobiliaria/,gros,donostia-san-sebastian,/inmueble/105609193/,
2024-10-15,"Piso en calle Zabaleta, Gros, Donostia-San Sebastián",2.900€/mes,3 hab.100 m²Planta 5ª exterior con ascensor,1/33,Vistas al mar,/pro/feel-free/,gros,donostia-san-sebastian,/inmueble/96904467/,
2024-10-15,"Piso en Kale Berria, 15, Gros, Donostia-San Sebastián",3.100€/mes,3 hab.125 m²Planta 2ª exterior con ascensor,1/19,Lujo,/pro/feel-free/,gros,donostia-san-sebastian,/inmueble/106149147/,
2024-10-15,"Piso en plaza Pinares, 2, Gros, Donostia-San Sebastián",5.500€/mes,5 hab.150 m²Planta 6ª exterior con ascensor,1/20,Alquiler de temporadaLujo,,gros,donostia-san-sebastian,/inmueble/94299626/,
2024-10-15,"Piso en calle Ramón y Cajal, 3 --1, Gros, Donostia-San Sebastián",3.000€/mes,2 hab.65 m²Planta 6ª exterior con ascensor,1/19,Vistas al marLujo,/pro/feel-free/,gros,donostia-san-sebastian,/inmueble/88965389/,
2024-10-15,"Piso en avenida de la Zurriola 46, 46, Gros, Donostia-San Sebastián",4.500€/mes5.500 €18%,4 hab.120 m²Planta 6ª exterior con ascensor,1/34,Alquiler de temporadaVistas al marLujo,,gros,donostia-san-sebastian,/inmueble/104110893/,
2024-10-15,"Piso en calle San Francisco Kalea, Gros, Donostia-San Sebastián",1.800€/mes,3 hab.80 m²Planta 3ª exterior con ascensor,1/23,,/pro/p08106847/,gros,donostia-san-sebastian,/inmueble/106131717/,
2024-10-15,"Piso en plaza Pinares, 2, Gros, Donostia-San Sebastián",5.000€/mes,4 hab.140 m²Planta 3ª exterior con ascensor,1/17,Alquiler de temporadaLujo,,gros,donostia-san-sebastian,/inmueble/97181479/,
2024-10-15,"Piso en Gros, Donostia-San Sebastián",1.800€/mesGaraje incluido,3 hab.90 m²Planta 3ª exterior con ascensor,1/18,,/pro/arrigain-inmobiliaria/,gros,donostia-san-sebastian,/inmueble/106186103/,
2024-10-15,"Ático en calle San Blas Kalea, Gros, Donostia-San Sebastián",1.500€/mes,2 hab.60 m²Planta 5ª exterior con ascensor,1/40,Alquiler de temporadaVistas al mar,/pro/etxebank/,gros,donostia-san-sebastian,/inmueble/105029834/,
2024-10-15,"Piso en San Blas, 20, Gros, Donostia-San Sebastián",1.000€/mes,1 hab.49 m²Planta 1ª exterior con ascensor08 oct,1/29,Apartamento,,gros,donostia-san-sebastian,/inmueble/82166245/,
2024-10-15,"Piso en Kolon Pasealekua, 15, Gros, Donostia-San Sebastián",1.800€/mes,4 hab.145 m²Planta 2ª exterior con ascensor,1/29,Alquiler de temporada,,gros,donostia-san-sebastian,/inmueble/104697364/,
2024-10-15,"Piso en plaza De Pinares Plaza, 2, Gros, Donostia-San Sebastián",3.450€/mes,6 hab.150 m²Planta 4ª exterior con ascensor,1/32,Lujo,,gros,donostia-san-sebastian,/inmueble/105957872/,
2024-10-15,"Piso en calle San Frantzisko, 54, Gros, Donostia-San Sebastián",1.600€/mes,3 hab.98 m²Planta 1ª exterior con ascensor,1/23,,,gros,donostia-san-sebastian,/inmueble/102481990/,
2024-10-15,"Piso en calle Segundo Izpizua, Gros, Donostia-San Sebastián",1.500€/mes,3 hab.88 m²Planta 1ª exterior con ascensor,1/31,,,gros,donostia-san-sebastian,/inmueble/106065907/,
2024-10-15,"Piso en calle Zabaleta, 36, Gros, Donostia-San Sebastián",2.600€/mes,3 hab.100 m²Planta 5ª exterior con ascensor,1/18,Vistas al mar,/pro/feel-free/,gros,donostia-san-sebastian,/inmueble/82531094/,
2024-10-15,"Piso en Gros, Donostia-San Sebastián",1.700€/mes,3 hab.87 m²Planta 2ª exterior con ascensor,1/26,,/pro/inmobiliariamariacristina/,gros,donostia-san-sebastian,/inmueble/106185324/,
2024-10-15,"Piso en Ramón María Lili Pasealekua, 8, Gros, Donostia-San Sebastián",2.200€/mes,1 hab.60 m²Planta 6ª exterior con ascensor,1/17,Vistas al marApartamento,/pro/feel-free/,gros,donostia-san-sebastian,/inmueble/89007697/,
2024-10-15,"Piso en calle Bermingham, Gros, Donostia-San Sebastián",1.200€/mes,1 hab.65 m²Planta 6ª exterior con ascensor,1/25,Alquiler de temporada,/pro/donpiso-gros/,gros,donostia-san-sebastian,/inmueble/106177468/,
2024-10-15,"Piso en Bermingham, Gros, Donostia-San Sebastián",1.200€/mes,1 hab.65 m²Planta 6ª exterior con ascensor,1/12,Alquiler de temporada,/pro/inmobiliaria-nuevo-gros/,gros,donostia-san-sebastian,/inmueble/103812321/,
2024-10-15,"Piso en Ronda, Gros, Donostia-San Sebastián",1.250€/mes,2 hab.80 m²Planta 2ª exterior con ascensor,1/20,,/pro/mggestion/,gros,donostia-san-sebastian,/inmueble/94103285/,
2024-10-15,"Piso en Iparraguirre, 3, Gros, Donostia-San Sebastián",1.500€/mes,2 hab.80 m²Planta 4ª exterior con ascensor,1/16,,,gros,donostia-san-sebastian,/inmueble/102032481/,pagina-2
2024-10-15,"Piso en calle Bermingham, 31, Gros, Donostia-San Sebastián",1.350€/mes,2 hab.65 m²Planta 1ª exterior con ascensor,1/16,Alquiler de temporada,,gros,donostia-san-sebastian,/inmueble/87867915/,pagina-2
2024-10-15,"Piso en Nafarroa Hiribidea, 8, Gros, Donostia-San Sebastián",1.950€/mes,2 hab.100 m²Planta 1ª exterior con ascensor,1/28,Alquiler de temporada,,gros,donostia-san-sebastian,/inmueble/105026789/,pagina-2
2024-10-15,"Piso en calle Mirakruz Kalea, 19, Gros, Donostia-San Sebastián",2.500€/mes,2 hab.75 m²Planta 1ª exterior con ascensor,1/26,,,gros,donostia-san-sebastian,/inmueble/104380417/,pagina-2
2024-10-15,"Piso en Gros, Donostia-San Sebastián",1.500€/mes,1 hab.60 m²Planta 3ª exterior sin ascensor,1/29,,,gros,donostia-san-sebastian,/inmueble/100561925/,pagina-2
2024-10-15,"Piso en calle Gran Vía, 4, Gros, Donostia-San Sebastián",1.300€/mes1.500 €13%,2 hab.75 m²Planta 2ª interior con ascensor,1/17,Alquiler de temporada,,gros,donostia-san-sebastian,/inmueble/95399457/,pagina-2
2024-10-15,"Piso en calle Marino Tabuyo, 10, Gros, Donostia-San Sebastián",2.500€/mes,3 hab.100 m²Planta 4ª exterior con ascensor,1/20,Alquiler de temporada,,gros,donostia-san-sebastian,/inmueble/105287162/,pagina-2
2024-10-15,"Piso en calle de Rentería, 9, Gros, Donostia-San Sebastián",1.500€/mes,3 hab.65 m²Planta 5ª exterior con ascensor,1/14,Alquiler de temporada,,gros,donostia-san-sebastian,/inmueble/102301842/,pagina-2
2024-10-15,"Ático en Zurriola Hiribidea, 32, Gros, Donostia-San Sebastián",2.200€/mes,3 hab.95 m²Planta 6ª exterior con ascensor,1/16,Vistas al mar,,gros,donostia-san-sebastian,/inmueble/102818714/,pagina-2
2024-10-15,"Piso en calle Segundo Izpizua, Gros, Donostia-San Sebastián",1.200€/mes,2 hab.55 m²Planta 6ª exterior con ascensor,1/8,Alquiler de temporada,/pro/inmobiliaria-amara/,gros,donostia-san-sebastian,/inmueble/104342780/,pagina-2
2024-10-15,"Piso en Gros, Donostia-San Sebastián",1.500€/mes,3 hab.100 m²Planta 2ª exterior con ascensor,1/20,,/pro/donpiso-gros/,gros,donostia-san-sebastian,/inmueble/101267417/,pagina-2
2024-10-15,"Ático en plaza Vasconia, 3, Gros, Donostia-San Sebastián",2.200€/mes,4 hab.109 m²Planta 6ª exterior con ascensor,1/11,Alquiler de temporada,,gros,donostia-san-sebastian,/inmueble/105930316/,pagina-2
2024-10-15,"Piso en plaza Nafarroa Beherea, 5, Gros, Donostia-San Sebastián",1.500€/mes,2 hab.80 m²Planta 5ª interior con ascensor,1/13,,,gros,donostia-san-sebastian,/inmueble/102600505/,pagina-2
2024-10-15,"Piso en Ibaeta, Donostia-San Sebastián",1.250€/mesGarajeopc.50 €/mes,3 hab.90 m²Planta 2ª exterior con ascensor,1/22,,/pro/inmobiliaria-areizaga/,ibaeta,donostia-san-sebastian,/inmueble/105538723/,
2024-10-15,"Piso en plaza Carlos Santamaria, Ibaeta, Donostia-San Sebastián",1.330€/mesGaraje incluido1.400 €5%,1 hab.50 m²Planta 4ª exterior con ascensor,1/29,Apartamento,,ibaeta,donostia-san-sebastian,/inmueble/106006736/,
2024-10-15,"Piso en Tolosa Hiribidea, Ibaeta, Donostia-San Sebastián",1.900€/mesGaraje incluido,3 hab.87 m²Planta 1ª exterior sin ascensor10 oct,1/13,,/pro/ondarreta-de-servicios/,ibaeta,donostia-san-sebastian,/inmueble/106222328/,
2024-10-15,"Piso en Berio Pasealekua, Ibaeta, Donostia-San Sebastián",1.400€/mes1.500 €7%,2 hab.90 m²Planta 1ª exterior con ascensor,1/23,,/pro/xera-inmobiliaria/,ibaeta,donostia-san-sebastian,/inmueble/105663198/,
2024-10-15,"Piso en Berio, Ibaeta, Donostia-San Sebastián",1.650€/mesGaraje incluido,3 hab.110 m²Planta 1ª exterior con ascensor,1/22,,/pro/albistur-inmobiliaria/,ibaeta,donostia-san-sebastian,/inmueble/102401214/,
2024-10-15,"Chalet adosado en Illarra Bidea, Ibaeta, Donostia-San Sebastián",3.200€/mesGaraje incluido,4 hab.250 m²,1/34,Lujo,,ibaeta,donostia-san-sebastian,/inmueble/105987028/,
2024-10-15,"Piso en calle Zarautz, 82, Ibaeta, Donostia-San Sebastián",2.500€/mes,1 hab.75 m²Planta 3ª exterior con ascensor,1/20,,,ibaeta,donostia-san-sebastian,/inmueble/105212991/,
2024-10-15,"Casa o chalet independiente en calle Amezti, Igeldo, Donostia-San Sebastián",6.000€/mesGaraje incluido,4 hab.377 m²,1/22,Vistas al marLujo,/pro/carriquiri-servicios-inmobiliarios/,igeldo,donostia-san-sebastian,/inmueble/105597803/,
2024-10-15,"Piso en calle Itsasalde, Igeldo, Donostia-San Sebastián",1.050€/mes,1 hab.40 m²Bajo exterior sin ascensor,1/34,Alquiler de temporadaVistas al marApartamento,/pro/alquileresdonostia/,igeldo,donostia-san-sebastian,/inmueble/104848232/,
2024-10-15,"Piso en Etume Bidea, 15, Igeldo, Donostia-San Sebastián",1.650€/mesGaraje incluido,3 hab.86 m²Planta 2ª exterior con ascensor,1/13,,,igeldo,donostia-san-sebastian,/inmueble/105926263/,
2024-10-15,"Piso en calle Marrutxipi, 35, Intxaurrondo, Donostia-San Sebastián",975€/mes,1 hab.55 m²Bajo exterior con ascensor09 oct,1/3,,,intxaurrondo,donostia-san-sebastian,/inmueble/106215025/,
2024-10-15,"Piso en nuestra señora del coro, Intxaurrondo, Donostia-San Sebastián",2.250€/mes,3 hab.60 m²Planta 2ª exterior con ascensor,1/9,,,intxaurrondo,donostia-san-sebastian,/inmueble/97761838/,
2024-10-15,"Piso en calle Luises, 37, Intxaurrondo, Donostia-San Sebastián",1.600€/mes,2 hab.50 m²Planta 1ª exterior sin ascensor,1/9,,,intxaurrondo,donostia-san-sebastian,/inmueble/105239021/,
2024-10-15,"Piso en Zarategi Pasealekua, 29, Intxaurrondo, Donostia-San Sebastián",1.175€/mesGaraje incluido,2 hab.85 m²Planta 1ª exterior con ascensor,,,,intxaurrondo,donostia-san-sebastian,/inmueble/106192049/,
2024-10-15,"Piso en calle Aralar Mendia, Loiola-Martutene, Donostia-San Sebastián",1.100€/mes,2 hab.90 m²Planta 3ª exterior con ascensor,1/26,,/pro/inmobiliaria-kortajarena/,loiola-martutene,donostia-san-sebastian,/inmueble/106183658/,
2024-10-15,"Casa o chalet independiente en Larrañategi bidea, 58, Miramon-Zorroaga, Donostia-San Sebastián",5.000€/mesGaraje incluido,5 hab.135 m²,1/34,Lujo,/pro/carriquiri-servicios-inmobiliarios/,miramon-zorroaga,donostia-san-sebastian,/inmueble/101534093/,
2024-10-15,"Piso en paseo de Miramón, 195, Miramon-Zorroaga, Donostia-San Sebastián",1.250€/mesGaraje incluido,2 hab.80 m²Planta 3ª exterior con ascensor,1/17,,/pro/mggestion/,miramon-zorroaga,donostia-san-sebastian,/inmueble/105702557/,
2024-10-15,"Piso en San Jerónimo, 17, Parte Vieja, Donostia-San Sebastián",2.700€/mes,3 hab.117 m²Planta 2ª exterior con ascensor,1/30,,/pro/feel-free/,parte-vieja,donostia-san-sebastian,/inmueble/101829953/,
2024-10-15,"Piso en paseo De Salamanca, Parte Vieja, Donostia-San Sebastián",2.550€/mesGarajeopc.150 €/mes,3 hab.160 m²Planta 2ª exterior con ascensor,1/43,Alquiler de temporadaVistas al mar,/pro/mggestion/,parte-vieja,donostia-san-sebastian,/inmueble/103900410/,
2024-10-15,"Piso en calle San Juan, 14, Parte Vieja, Donostia-San Sebastián",3.200€/mes,3 hab.108 m²Planta 1ª exterior con ascensor,1/31,Vistas al marLujo,/pro/feel-free/,parte-vieja,donostia-san-sebastian,/inmueble/102594419/,
2024-10-15,"Piso en calle Enbeltran, 16, Parte Vieja, Donostia-San Sebastián",2.600€/mes,4 hab.115 m²Planta 3ª exterior con ascensor,1/26,,/pro/feel-free/,parte-vieja,donostia-san-sebastian,/inmueble/83561532/,
2024-10-15,"Piso en calle Aldamar Kalea, 9, Parte Vieja, Donostia-San Sebastián",4.300€/mes,2 hab.132 m²Planta 9ª exterior con ascensor,1/31,Vistas al marLujo,/pro/feel-free/,parte-vieja,donostia-san-sebastian,/inmueble/104569836/,
2024-10-15,"Piso en calle San Jeronimo, Parte Vieja, Donostia-San Sebastián",2.400€/mes,2 hab.98 m²Planta 3ª exterior con ascensor,1/22,,/pro/feel-free/,parte-vieja,donostia-san-sebastian,/inmueble/95409100/,
2024-10-15,"Piso en calle Euskal Herria, Parte Vieja, Donostia-San Sebastián",2.600€/mes,3 hab.113 m²Planta 4ª exterior con ascensor,1/20,Vistas al mar,/pro/feel-free/,parte-vieja,donostia-san-sebastian,/inmueble/95102470/,
2024-10-15,"Piso en Salamanca Pasealekua, 13, Parte Vieja, Donostia-San Sebastián",1.700€/mes,1 hab.55 m²Planta 1ª interior con ascensor,1/13,Apartamento,/pro/feel-free/,parte-vieja,donostia-san-sebastian,/inmueble/83769740/,
2024-10-15,"Piso en calle Aldamar Kalea, Parte Vieja, Donostia-San Sebastián",3.000€/mes,3 hab.149 m²Planta 3ª exterior con ascensor,1/24,Alquiler de temporadaLujo,/pro/carriquiri-servicios-inmobiliarios/,parte-vieja,donostia-san-sebastian,/inmueble/105621087/,
2024-10-15,"Piso en calle Erregina Erregeordea, Parte Vieja, Donostia-San Sebastián",1.300€/mes,1 hab.50 m²Planta 4ª exterior con ascensor,1/29,,/pro/alquileresdonostia/,parte-vieja,donostia-san-sebastian,/inmueble/34931146/,
2024-10-15,"Piso en calle Gaztelubide, 21, Parte Vieja, Donostia-San Sebastián",1.300€/mes,1 hab.45 m²Planta 3ª exterior con ascensor,1/18,Apartamento,/pro/feel-free/,parte-vieja,donostia-san-sebastian,/inmueble/83592025/,
2024-10-15,"Piso en Kaiko Paselekua, 32, Parte Vieja, Donostia-San Sebastián",2.000€/mes,1 hab.48 m²Planta 2ª exterior sin ascensor,1/15,Vistas al marApartamento,/pro/feel-free/,parte-vieja,donostia-san-sebastian,/inmueble/99014575/,
2024-10-15,"Piso en calle Jauregi Jeneralaren, 3, Parte Vieja, Donostia-San Sebastián",1.795€/mes,2 hab.72 m²Planta 2ª exterior con ascensor12 oct,1/16,Vistas al mar,,parte-vieja,donostia-san-sebastian,/inmueble/106241983/,
2024-10-15,"Piso en calle Arrandegi, 4, Parte Vieja, Donostia-San Sebastián",1.500€/mes,3 hab.105 m²Planta 1ª exterior con ascensor08 oct,1/14,,,parte-vieja,donostia-san-sebastian,/inmueble/106200027/,
2024-10-15,"Piso en Parte Vieja, Donostia-San Sebastián",1.500€/mes,3 hab.105 m²Planta 1ª exterior con ascensor,1/24,,,parte-vieja,donostia-san-sebastian,/inmueble/106147524/,
2024-10-15,"Piso en calle General Jauregi, 11, Parte Vieja, Donostia-San Sebastián",1.600€/mes,2 hab.75 m²Planta 4ª exterior con ascensor,1/21,Alquiler de temporada,,parte-vieja,donostia-san-sebastian,/inmueble/87002844/,
2024-10-15,"Piso en Parte Vieja, Donostia-San Sebastián",2.300€/mes,1 hab.75 m²Planta 6ª exterior con ascensor,1/15,Vistas al mar,/pro/rivasblasco/,parte-vieja,donostia-san-sebastian,/inmueble/102940861/,
2024-10-15,"Piso en Aldamar, Parte Vieja, Donostia-San Sebastián",3.000€/mes,3 hab.150 m²Planta 3ª exterior con ascensor,1/20,Lujo,/pro/gardestudio3/,parte-vieja,donostia-san-sebastian,/inmueble/101152472/,
2024-10-15,"Piso en Euskal Herria, 10, Parte Vieja, Donostia-San Sebastián",1.250€/mes,1 hab.70 m²Planta 3ª exterior con ascensor,1/17,,,parte-vieja,donostia-san-sebastian,/inmueble/97257603/,
2024-10-15,"Piso en Parte Vieja, Donostia-San Sebastián",1.800€/mes,3 hab.97 m²Planta 4ª exterior con ascensor,1/40,,/pro/alquileresdonostia/,parte-vieja,donostia-san-sebastian,/inmueble/105486716/,
2024-10-15,"Piso en calle 31 de Agosto, 40, Parte Vieja, Donostia-San Sebastián",1.800€/mes,3 hab.97 m²Planta 4ª exterior con ascensor,1/11,,,parte-vieja,donostia-san-sebastian,/inmueble/39641074/,
